employee_id,name,role,department,location,timezone,experience_years,current_workload_percent,availability_status,skills,tools,languages,certifications,education,performance_score,projects_completed,avg_task_completion_days,hourly_rate_usd,employment_type,preferred_work_style,communication_style,strengths,bio
EMP001,Aisha Patel,AI Solutions Architect,Engineering,London,GMT+0,8,42,Available,"Python;Django;API Design;MLOps;System Design;LLM Integration;FastAPI;REST APIs","VS Code;Postman;AWS;Terraform;Docker","English;Hindi;Gujarati","AWS Solutions Architect;Google Cloud Professional;MLOps Certified","B.Tech Computer Science - IIT Bombay;M.S. AI - UCL",4.8,34,6.2,120,Full-Time,Async-First,Direct,"System Thinking;Problem Decomposition;Technical Leadership","8 years designing scalable AI systems. Previously at DeepMind and Accenture. Specialises in bridging ML research and production deployment."
EMP002,Marcus Chen,Data Engineer,Data,Singapore,GMT+8,5,58,Busy,"Python;Pandas;Apache Airflow;SQL;Data Pipelines;Spark;dbt;Kafka;BigQuery","Airflow;dbt;BigQuery;Snowflake;Databricks","English;Mandarin;Cantonese","Databricks Certified;dbt Analytics Engineer;GCP Professional Data Engineer","B.Sc. Statistics - NUS;M.Sc. Data Engineering - NTU",4.5,21,8.1,95,Full-Time,Collaborative,Analytical,"Pipeline Architecture;Data Modelling;ETL Optimization","5 years building enterprise data pipelines. Ex-Grab and Shopee. Expert in real-time streaming and batch processing at scale."
EMP003,Elena Garcia,Frontend Engineer,Engineering,Madrid,GMT+1,4,36,Available,"React;JavaScript;UX;Dashboarding;Data Visualization;TypeScript;Next.js;CSS;Figma;D3.js","VS Code;Figma;Storybook;Vercel;Chromatic","English;Spanish;Portuguese","Meta Certified React Developer;Google UX Design Certificate","B.A. Interaction Design - Universidad Complutense;Bootcamp Full Stack - Le Wagon",4.3,18,5.4,85,Full-Time,Async-First,Visual,"UI Architecture;Component Design;Accessibility","4 years crafting data-driven dashboards. Previously at Telefonica Digital. Passionate about making complex data beautifully simple."
EMP004,Noah Kim,DevOps Engineer,Infrastructure,Seoul,GMT+9,6,64,Busy,"Docker;Kubernetes;CI/CD;AWS;Observability;Helm;Terraform;Prometheus;Grafana;ArgoCD","Kubernetes;Terraform;GitHub Actions;Datadog;PagerDuty","English;Korean","CKA Certified Kubernetes Administrator;AWS DevOps Professional;HashiCorp Terraform Associate","B.Eng. Computer Engineering - KAIST",4.6,29,7.3,100,Full-Time,Structured,Technical,"Infrastructure Automation;Reliability Engineering;Cost Optimisation","6 years in platform engineering. Ex-Kakao and Line Corp. Reduced infra costs by 40% at previous role through intelligent autoscaling."
EMP005,Sophia Johnson,Product Analyst,Product,New York,GMT-5,3,27,Available,"Requirements;Roadmap;Analytics;Experimentation;Reporting;SQL;A/B Testing;User Research;Mixpanel;Looker","Mixpanel;Looker;Jira;Notion;Miro","English;French","Certified Product Manager - AIPMM;Google Analytics Certified","B.A. Economics - NYU Stern;MBA - Columbia Business School",4.1,12,9.8,80,Full-Time,Collaborative,Empathetic,"Stakeholder Management;Data Storytelling;Prioritisation","3 years translating business goals into product decisions. Previously at McKinsey Digital. Bridges the gap between engineering and business."
EMP006,Omar Hassan,Automation Specialist,QA,Dubai,GMT+4,7,49,Available,"Python;Workflow Automation;Integrations;QA;Selenium;Playwright;Robot Framework;API Testing;CI Testing","Selenium;Playwright;Postman;Jenkins;Zephyr","English;Arabic;Urdu","ISTQB Certified Tester;Selenium Professional;AWS Cloud Practitioner","B.Sc. Software Engineering - American University of Sharjah",4.4,26,6.8,90,Full-Time,Structured,Precise,"Test Architecture;Regression Automation;Quality Processes","7 years building automation frameworks from scratch. Ex-Noon.com and Careem. Reduced QA cycle time by 60% at last role."
EMP007,Priya Ramesh,Machine Learning Engineer,AI/ML,Bangalore,GMT+5:30,6,55,Busy,"Python;TensorFlow;PyTorch;Scikit-learn;NLP;Computer Vision;MLflow;Model Deployment;Feature Engineering","Jupyter;MLflow;Weights & Biases;Hugging Face;GCP Vertex AI","English;Tamil;Kannada;Hindi","TensorFlow Developer Certificate;Coursera Deep Learning Specialization","B.E. Electronics - BITS Pilani;M.Tech AI - IISc Bangalore",4.9,31,7.1,110,Full-Time,Async-First,Direct,"Model Architecture;Research Translation;Experimentation","6 years at the ML research-to-production frontier. Published 3 NLP papers. Previously at Samsung Research and TCS Innovation Labs."
EMP008,Luca Russo,Backend Developer,Engineering,Milan,GMT+1,5,38,Available,"Node.js;TypeScript;PostgreSQL;GraphQL;Redis;Microservices;REST APIs;Event-Driven Architecture;Kafka","VS Code;Insomnia;TablePlus;Docker;GitHub Actions","English;Italian;German","Node.js Certified Developer;PostgreSQL DBA Associate","B.Sc. Computer Science - Politecnico di Milano",4.2,23,6.0,88,Full-Time,Async-First,Written,"API Design;Database Optimisation;System Scalability","5 years building high-throughput backend systems. Ex-Satispay and Musixmatch. Passionate about clean architecture and DDD."
EMP009,Sarah Mitchell,UX Researcher,Design,Toronto,GMT-5,4,31,Available,"User Research;Usability Testing;Personas;Journey Mapping;Wireframing;Prototyping;Survey Design;Qualitative Analysis;Figma","Figma;UserTesting;Maze;Hotjar;Dovetail","English;French","Google UX Design Certificate;Nielsen Norman UX Certificate","B.A. Psychology - University of Toronto;Graduate Diploma HCI - York University",4.0,15,10.2,75,Full-Time,Collaborative,Empathetic,"Empathy Mapping;Insight Synthesis;Stakeholder Interviews","4 years uncovering user pain points that engineers miss. Previously at Shopify and FreshBooks. Saved $2M in redesign costs through early research."
EMP010,Arjun Mehta,Cloud Architect,Infrastructure,Hyderabad,GMT+5:30,9,61,Busy,"AWS;Azure;GCP;Serverless;Cloud Migration;Security;Cost Optimisation;VPC;IAM;CloudFormation","AWS Console;Terraform;Ansible;CloudWatch;Azure DevOps","English;Hindi;Telugu","AWS Solutions Architect Professional;Azure Solutions Architect Expert;GCP Professional Cloud Architect","B.Tech Computer Science - JNTU;M.S. Cloud Computing - Georgia Tech",4.7,42,7.8,130,Full-Time,Structured,Technical,"Multi-Cloud Strategy;Security Architecture;FinOps","9 years designing cloud infrastructure for enterprises. Ex-Wipro and Infosys. Led $10M cloud migration for a Fortune 500 client."
EMP011,Mei Lin,Data Scientist,Data,Shanghai,GMT+8,5,44,Available,"Python;R;Statistics;Machine Learning;Data Visualisation;Hypothesis Testing;Pandas;NumPy;Tableau;Power BI","Jupyter;Tableau;Power BI;SPSS;SAS","English;Mandarin;Shanghainese","SAS Certified Data Scientist;Microsoft Power BI Data Analyst","B.Sc. Mathematics - Fudan University;M.Sc. Statistics - Peking University",4.6,19,7.5,92,Full-Time,Async-First,Analytical,"Statistical Modelling;A/B Testing;Business Intelligence","5 years turning raw data into business decisions. Ex-Alibaba Analytics and JD.com. Built forecasting models saving $3M annually."
EMP012,James Okafor,Cybersecurity Engineer,Security,Lagos,GMT+1,7,52,Available,"Penetration Testing;SIEM;Threat Modelling;Vulnerability Assessment;SOC;Network Security;Python;OSINT;Incident Response","Splunk;Nessus;Burp Suite;Wireshark;Metasploit","English;Yoruba;French","CISSP;CEH Certified Ethical Hacker;CompTIA Security+","B.Sc. Information Security - University of Lagos;M.Sc. Cybersecurity - University of Liverpool",4.5,24,8.4,105,Full-Time,Structured,Precise,"Threat Intelligence;Red Team Operations;Security Audits","7 years protecting enterprise systems. Ex-Access Bank and Flutterwave Security. Prevented 3 major breach attempts in the last year."
EMP013,Anna Kowalski,Project Manager,Operations,Warsaw,GMT+1,6,39,Available,"Agile;Scrum;Kanban;Risk Management;Budgeting;Stakeholder Communication;Resource Planning;JIRA;Confluence","Jira;Confluence;Notion;Monday.com;Microsoft Project","English;Polish;Russian","PMP Certified;PSM I Scrum Master;PRINCE2 Practitioner","B.A. Business Administration - Warsaw School of Economics;MBA - ESADE Business School",4.4,38,N/A,85,Full-Time,Collaborative,Diplomatic,"Cross-Functional Leadership;Conflict Resolution;Delivery Excellence","6 years delivering complex tech projects on time and under budget. Ex-Accenture and PwC Consulting. 95% on-time delivery record."
EMP014,Ravi Krishnaswamy,NLP Engineer,AI/ML,Chennai,GMT+5:30,7,67,Busy,"Python;NLP;Transformers;BERT;LLMs;Prompt Engineering;RAG;LangChain;Hugging Face;SpaCy","VS Code;Hugging Face;LangChain;Pinecone;Weaviate","English;Tamil;Sanskrit","Hugging Face NLP Course;DeepLearning.AI NLP Specialization","B.E. Computer Science - Anna University;M.S. Computational Linguistics - IIIT Hyderabad",4.8,28,6.5,115,Full-Time,Async-First,Written,"Language Model Fine-tuning;RAG Systems;Semantic Search","7 years in NLP research and production. Ex-Amazon Alexa and Zoho AI. Built RAG systems handling 10M+ queries per day."
EMP015,Fatima Al-Zahrawi,Business Intelligence Analyst,Data,Riyadh,GMT+3,4,33,Available,"SQL;Power BI;Tableau;Data Modelling;KPI Design;Excel;DAX;Python;ETL;Dashboard Design","Power BI;Tableau;SQL Server;Excel;SAP","English;Arabic;French","Microsoft Power BI Data Analyst;Tableau Desktop Specialist","B.Sc. Business Informatics - King Saud University;M.Sc. Data Analytics - University of Edinburgh",4.2,16,9.1,78,Full-Time,Structured,Visual,"BI Architecture;Executive Reporting;Data Governance","4 years turning business questions into dashboard answers. Ex-Saudi Aramco and SABIC. Dashboards used by C-suite for daily decisions."
EMP016,Tom Bergmann,Site Reliability Engineer,Infrastructure,Berlin,GMT+1,8,71,Busy,"SRE;Incident Management;Chaos Engineering;Observability;Go;Python;Linux;Prometheus;Grafana;Alerting","Grafana;Prometheus;PagerDuty;Datadog;Chaos Monkey","English;German;Dutch","Google SRE Fundamentals;CKA;Linux Foundation LFCS","B.Sc. Computer Science - TU Berlin;M.Sc. Distributed Systems - ETH Zurich",4.7,36,5.9,118,Full-Time,Async-First,Direct,"Reliability Engineering;On-Call Systems;Post-Mortem Culture","8 years keeping systems at 99.99% uptime. Ex-SoundCloud and Delivery Hero. Designed incident response framework adopted org-wide."
EMP017,Yuki Tanaka,Mobile Developer,Engineering,Tokyo,GMT+9,5,41,Available,"Flutter;Dart;Swift;Kotlin;React Native;iOS;Android;Mobile UX;App Performance;Push Notifications","Xcode;Android Studio;VS Code;Firebase;Fastlane","English;Japanese","Google Associate Android Developer;Apple Certified iOS Developer","B.Sc. Computer Science - Tokyo University;Bootcamp Mobile - Code Chrysalis",4.3,20,6.7,90,Full-Time,Structured,Written,"Cross-Platform Development;App Performance;Offline-First Architecture","5 years building mobile apps with millions of downloads. Ex-Mercari and Rakuten. Reduced app crash rate from 2.3% to 0.1%."
EMP018,Chloe Dubois,Content Strategist,Marketing,Paris,GMT+1,5,28,Available,"Content Strategy;SEO;Copywriting;Brand Voice;User Documentation;Technical Writing;Localisation;CMS","HubSpot;WordPress;Notion;Canva;Semrush","English;French;Spanish","HubSpot Content Marketing Certified;Google Digital Marketing","B.A. Communications - Sciences Po Paris;M.A. Digital Marketing - Sorbonne",3.9,14,11.3,70,Full-Time,Async-First,Creative,"Narrative Design;SEO Optimisation;Multi-Channel Campaigns","5 years crafting content that ranks and converts. Ex-Criteo and BlaBlaCar. Grew organic traffic 300% through structured content strategy."
EMP019,Daniel Osei,Full Stack Developer,Engineering,Accra,GMT+0,4,46,Available,"React;Node.js;Python;PostgreSQL;MongoDB;Docker;REST APIs;TypeScript;GraphQL;Redis","VS Code;Docker;GitHub;Vercel;MongoDB Atlas","English;Twi;French","freeCodeCamp Full Stack;MongoDB Developer Associate","B.Sc. Computer Science - University of Ghana;Self-taught Full Stack",4.1,17,7.2,75,Full-Time,Collaborative,Direct,"End-to-End Development;Rapid Prototyping;API Integration","4 years building products from zero to launch. Previously at Mpharma and Hubtel. Known for shipping MVPs 30% faster than estimated."
EMP020,Isabella Fernandez,DevSecOps Engineer,Security,Buenos Aires,GMT-3,6,53,Available,"DevSecOps;SAST;DAST;Container Security;Secrets Management;Compliance;Python;Bash;Terraform;GitHub Actions","Snyk;Trivy;Vault;GitHub Actions;SonarQube","English;Spanish;Portuguese","AWS Security Specialty;CSSLP;Certified DevSecOps Professional","B.Sc. Information Systems - UBA;M.Sc. Software Engineering - Universidad ORT",4.5,25,7.0,100,Full-Time,Structured,Precise,"Shift-Left Security;Pipeline Security;Compliance Automation","6 years embedding security into developer workflows. Ex-MercadoLibre and OLX. Reduced security vulnerabilities in CI by 80%."
EMP021,Kenji Watanabe,AI Solutions Architect,Engineering,Osaka,GMT+9,10,45,Available,"Python;Java;System Design;LLM Integration;MLOps;FastAPI;Microservices;Kafka","VS Code;AWS;Terraform;Docker;Postman","English;Japanese;Korean","AWS Solutions Architect Professional;Google Cloud AI Engineer","B.Sc. Computer Science - Osaka University;M.S. AI - Carnegie Mellon University",4.9,40,5.8,135,Full-Time,Async-First,Direct,"Architectural Vision;Scalable Systems;Technical Mentoring",10 years building AI platforms at scale. Ex-Sony AI and NTT Data. Led architecture for a platform serving 50M users across Asia-Pacific.
EMP022,Amara Diallo,Data Engineer,Data,Dakar,GMT+0,4,50,Available,"Python;SQL;Airflow;dbt;BigQuery;Spark;Data Pipelines;ETL;Pandas","Airflow;dbt;BigQuery;Looker;Fivetran","English;French;Wolof","GCP Professional Data Engineer;dbt Analytics Engineer","B.Sc. Mathematics - Cheikh Anta Diop University;M.Sc. Data Engineering - EPFL",4.3,16,8.4,80,Full-Time,Collaborative,Analytical,"Pipeline Design;Data Quality;ETL Optimization",4 years building reliable data pipelines. Ex-Wave Mobile Money and Jumia. Passionate about data infrastructure for emerging markets.
EMP023,Viktor Petrov,Backend Developer,Engineering,Kyiv,GMT+2,7,38,Available,"Go;Rust;Python;PostgreSQL;Redis;Microservices;gRPC;Kafka;REST APIs","VS Code;Docker;Kubernetes;Postman;TablePlus","English;Ukrainian;Russian","Go Certified Developer;PostgreSQL Advanced DBA","B.Sc. Applied Mathematics - KPI;M.Sc. Computer Science - Ukrainian Catholic University",4.6,30,6.1,92,Full-Time,Async-First,Written,"High-Performance Systems;Concurrency;Low-Latency APIs",7 years building ultra-fast backend services. Ex-Grammarly and GitLab. Reduced API p99 latency from 800ms to 12ms using Go.
EMP024,Naledi Dlamini,Data Scientist,Data,Johannesburg,GMT+2,5,42,Available,"Python;R;Machine Learning;Statistics;NLP;Data Visualization;Tableau;Power BI;Scikit-learn","Jupyter;Tableau;Power BI;Weights & Biases;Comet ML","English;Zulu;Sotho","Google Data Analytics Certificate;AWS Machine Learning Specialty","B.Sc. Statistics - University of Witwatersrand;M.Sc. Data Science - UCT",4.5,20,7.6,85,Full-Time,Collaborative,Empathetic,"Statistical Inference;Business Impact Analysis;Model Explainability",5 years translating data into business value. Ex-Standard Bank and MTN. Built churn models saving $2.5M annually.
EMP025,Sebastian Müller,DevOps Engineer,Infrastructure,Munich,GMT+1,6,55,Busy,"Docker;Kubernetes;CI/CD;GitOps;Helm;Terraform;AWS;GCP;Linux;Bash","Kubernetes;ArgoCD;GitHub Actions;Datadog;Vault","English;German;French","CKA;CKS Certified Kubernetes Security;AWS DevOps Professional",B.Eng. Software Engineering - TU Munich,4.5,27,7.0,98,Full-Time,Structured,Technical,"GitOps Workflows;Container Security;Release Automation",6 years in platform engineering. Ex-BMW Digital and Siemens. Championed GitOps adoption cutting release cycle from weeks to hours.
EMP026,Liang Wei,Machine Learning Engineer,AI/ML,Beijing,GMT+8,8,60,Busy,"Python;PyTorch;TensorFlow;Computer Vision;GANs;Diffusion Models;ONNX;TensorRT;Model Quantization","VS Code;PyTorch;Weights & Biases;ONNX Runtime;NVIDIA CUDA","English;Mandarin","DeepLearning.AI Specialization;NVIDIA Deep Learning Institute","B.Sc. Computer Science - Tsinghua University;Ph.D. Computer Vision - Peking University",4.9,35,6.0,125,Full-Time,Async-First,Written,"Vision Transformers;Model Compression;Edge Deployment",8 years in computer vision research. 12 published papers. Ex-Baidu Vision and ByteDance AI. Achieved SOTA on 3 benchmark datasets.
EMP027,Chiara Bianchi,UX Designer,Design,Florence,GMT+1,5,33,Available,"Figma;Sketch;Adobe XD;Design Systems;Prototyping;User Testing;Accessibility;Motion Design;Illustration","Figma;Protopie;InVision;Zeroheight;Maze","English;Italian;Spanish","Google UX Design Certificate;Interaction Design Foundation UX","B.A. Industrial Design - Politecnico di Milano;M.A. UX Design - NABA Milan",4.3,19,6.5,82,Full-Time,Collaborative,Visual,"Design Systems;Visual Hierarchy;Micro-interactions",5 years designing products loved by millions. Ex-Ferrari Digital and Sky Italia. Created design system adopted across 12 product teams.
EMP028,Kwame Asante,Cloud Architect,Infrastructure,Kumasi,GMT+0,7,48,Available,"AWS;GCP;Azure;Serverless;Cloud Security;Cost Optimization;Multi-Cloud;FinOps;VPC;IAM","AWS Console;Terraform;Pulumi;CloudWatch;GCP Console","English;Twi;Hausa","AWS Solutions Architect Professional;GCP Professional Cloud Architect;Azure Expert Architect","B.Sc. Electrical Engineering - KNUST;M.Sc. Cloud Computing - University of Manchester",4.6,33,7.1,112,Full-Time,Async-First,Technical,"FinOps;Multi-Cloud Strategy;Zero-Trust Architecture",7 years designing cloud systems for African enterprises. Ex-MTN Group and Interswitch. Saved $5M through FinOps programs.
EMP029,Hana Novak,NLP Engineer,AI/ML,Prague,GMT+1,5,57,Busy,"Python;NLP;BERT;GPT;LLMs;Transformers;SpaCy;RAG;Embeddings;Fine-tuning","VS Code;Hugging Face;LangChain;Weaviate;Comet ML","English;Czech;Slovak;German","Hugging Face NLP Certificate;DeepLearning.AI NLP Specialization","B.Sc. Computational Linguistics - Charles University;M.Sc. NLP - ETH Zurich",4.7,22,6.8,108,Full-Time,Async-First,Written,"Multilingual NLP;Domain Adaptation;Semantic Search",5 years in cross-lingual NLP. Ex-Seznam.cz and Oracle Czech. Built Czech BERT variant now used in government services.
EMP030,Emmanuel Obi,Full Stack Developer,Engineering,Abuja,GMT+1,4,40,Available,"React;Next.js;Node.js;TypeScript;PostgreSQL;MongoDB;Docker;GraphQL;Tailwind","VS Code;Docker;Vercel;MongoDB Atlas;Prisma","English;Igbo;Hausa","Meta Frontend Developer Certificate;MongoDB Developer Associate",B.Sc. Computer Engineering - University of Nigeria Nsukka,4.2,18,7.0,72,Full-Time,Collaborative,Direct,"Full-Stack Delivery;API Design;Performance Optimization",4 years building end-to-end web products. Ex-Flutterwave and Andela. Delivered 5 products from concept to 100K+ users.
EMP031,Rina Sato,Product Manager,Product,Kyoto,GMT+9,6,35,Available,"Roadmapping;OKRs;Product Discovery;User Stories;Agile;Data Analysis;SQL;A/B Testing;Competitive Analysis","Jira;Notion;Mixpanel;Miro;Figma","English;Japanese","Certified Scrum Product Owner;Google Project Management Certificate","B.A. Business - Kyoto University;MBA - INSEAD",4.4,22,N/A,95,Full-Time,Structured,Empathetic,"Vision Setting;Cross-Functional Alignment;Go-to-Market Strategy",6 years taking products from 0 to 1. Ex-Nintendo and Softbank. Launched products generating $8M ARR in year one.
EMP032,Ahmed Khalil,Cybersecurity Engineer,Security,Cairo,GMT+2,8,46,Available,"Penetration Testing;SIEM;Red Teaming;Malware Analysis;Reverse Engineering;Python;Threat Intelligence;SOC","Kali Linux;Metasploit;Ghidra;Splunk;Elastic SIEM","English;Arabic;French","OSCP;CISSP;GIAC GCFE","B.Sc. Computer Science - Cairo University;M.Sc. Information Security - University of London",4.7,28,7.5,110,Full-Time,Structured,Precise,"Advanced Persistent Threats;Zero-Day Research;Incident Forensics",8 years in offensive security. Ex-EgyptAir Security and IBM X-Force. Discovered 4 CVEs published in NVD.
EMP033,Tatiana Volkov,Business Intelligence Analyst,Data,Moscow,GMT+3,5,38,Available,"SQL;Power BI;Tableau;Excel;DAX;Python;Data Modeling;ETL;KPI Design;Financial Analysis","Power BI;Tableau;SQL Server;Excel;SAP BW","English;Russian;Ukrainian","Microsoft Power BI Data Analyst;Tableau Desktop Specialist;CDMP","B.Sc. Economics - Moscow State University;M.Sc. Business Analytics - Skoltech",4.3,17,9.3,75,Full-Time,Structured,Visual,"Financial Reporting;Executive Dashboards;Variance Analysis",5 years building BI systems for Russian and European enterprises. Ex-Yandex and VTB Bank. Dashboards drive decisions for 200+ stakeholders.
EMP034,Oluwaseun Adeyemi,Automation Specialist,QA,Lagos,GMT+1,6,44,Available,"Python;Selenium;Playwright;Cypress;API Testing;Performance Testing;Robot Framework;CI/CD;k6","Selenium;Playwright;Postman;Jenkins;k6","English;Yoruba","ISTQB Advanced Test Analyst;Selenium Certified Professional","B.Sc. Computer Science - OAU;M.Sc. Software Testing - University of Stirling",4.5,25,6.7,86,Full-Time,Structured,Precise,"Test Architecture;Shift-Left Testing;Performance Benchmarking",6 years automating quality at scale. Ex-Paystack and Interswitch. Built test framework reducing regression time from 6hrs to 25min.
EMP035,Natalia Sousa,Content Strategist,Marketing,São Paulo,GMT-3,4,30,Available,"Content Strategy;SEO;Technical Writing;Localization;CMS;Copywriting;Brand Voice;Email Marketing","HubSpot;WordPress;Semrush;Notion;Canva","English;Portuguese;Spanish","HubSpot Content Marketing;Google Analytics 4 Certificate","B.A. Journalism - USP;Postgrad Digital Marketing - ESPM",3.8,13,11.0,68,Full-Time,Async-First,Creative,"SEO-Driven Content;Localization Strategy;Technical Simplification",4 years crafting content for Latin American tech audiences. Ex-Nubank and iFood. Grew blog from 10K to 400K monthly readers.
EMP036,Rohan Gupta,Site Reliability Engineer,Infrastructure,Pune,GMT+5:30,7,65,Busy,"SRE;Observability;Chaos Engineering;Python;Go;Kubernetes;Prometheus;Grafana;Linux;Incident Management","Grafana;Prometheus;PagerDuty;Chaos Monkey;Datadog","English;Hindi;Marathi","Google SRE Fundamentals;CKA;AWS DevOps Professional","B.Tech Computer Science - COEP;M.Tech Distributed Systems - IIT Bombay",4.7,32,6.0,112,Full-Time,Async-First,Technical,"Reliability Engineering;Chaos Testing;SLO Design",7 years ensuring systems never sleep. Ex-Infosys Cloud and Freshworks. Designed SLO framework achieving 99.97% uptime across 40 services.
EMP037,Zara Ahmed,Mobile Developer,Engineering,Karachi,GMT+5,5,37,Available,"Flutter;Dart;Swift;Kotlin;React Native;Firebase;Mobile UX;Offline-First;Push Notifications","Xcode;Android Studio;Firebase;Fastlane;VS Code","English;Urdu;Punjabi","Google Associate Android Developer;Flutter Certified","B.Sc. Software Engineering - NUST;Bootcamp iOS - Swiftable",4.2,21,6.9,83,Full-Time,Collaborative,Written,"Cross-Platform Architecture;App Performance;Firebase Integration",5 years shipping mobile apps across Pakistan and the Gulf. Ex-Careem and bykea. 2M+ downloads across portfolio.
EMP038,Mikael Lindqvist,Data Engineer,Data,Stockholm,GMT+1,6,52,Busy,"Python;Scala;Spark;Kafka;Delta Lake;dbt;Airflow;Snowflake;SQL;Data Architecture","Databricks;Snowflake;Airflow;dbt;Kafka","English;Swedish;Norwegian","Databricks Spark Developer;Snowflake SnowPro Core;dbt Analytics Engineer","B.Sc. Computer Science - KTH;M.Sc. Data Engineering - Chalmers",4.6,24,7.8,97,Full-Time,Async-First,Analytical,"Lakehouse Architecture;Real-Time Pipelines;Data Governance",6 years building Scandinavian-scale data systems. Ex-Spotify Data and King Games. Architected data lakehouse serving 10TB/day.
EMP039,Priscilla Mensah,Project Manager,Operations,Accra,GMT+0,5,41,Available,"Agile;Scrum;PMP;Risk Management;Stakeholder Management;Resource Planning;Budgeting;OKRs;Confluence","Jira;Confluence;Notion;Asana;Monday.com","English;Twi;French","PMP;PSM I;PRINCE2 Foundation","B.A. Business Administration - University of Ghana;MBA - GIMPA",4.3,29,N/A,80,Full-Time,Collaborative,Diplomatic,"Delivery Execution;Risk Mitigation;Stakeholder Alignment",5 years delivering tech and fintech projects across West Africa. Ex-Fido and ExpressPay. 92% on-time delivery rate.
EMP040,Haruki Yoshida,DevSecOps Engineer,Security,Nagoya,GMT+9,7,49,Available,"DevSecOps;SAST;DAST;Container Security;Secrets Management;Python;GitHub Actions;Compliance;SBOM","Snyk;Trivy;Vault;SonarQube;Checkov","English;Japanese","CSSLP;AWS Security Specialty;Certified DevSecOps Professional","B.Sc. Information Security - Nagoya Institute of Technology;M.Sc. - NTT Research",4.6,27,7.2,103,Full-Time,Structured,Precise,"Pipeline Security;SBOM Management;Zero Trust Dev",7 years embedding security into SDLC. Ex-Toyota Connected and NTT Security. Reduced critical pipeline vulns by 90% in 6 months.
EMP041,Adaeze Nwosu,Machine Learning Engineer,AI/ML,Enugu,GMT+1,4,53,Available,"Python;TensorFlow;Keras;Scikit-learn;NLP;Computer Vision;Feature Engineering;MLflow;Model Serving","Jupyter;MLflow;GCP Vertex AI;Hugging Face;Docker","English;Igbo","TensorFlow Developer Certificate;Coursera Deep Learning Specialization","B.Eng. Computer Engineering - UNN;M.Sc. AI - Edinburgh Napier University",4.4,16,7.8,88,Full-Time,Async-First,Direct,"Model Development;MLOps Integration;Research to Production",4 years building ML models for fintech and health. Ex-Terragon and LifeBank. Deployed fraud model handling 1M+ daily transactions.
EMP042,Paulo Salave'a,Backend Developer,Engineering,Auckland,GMT+12,6,43,Available,"Python;FastAPI;Node.js;PostgreSQL;Redis;Microservices;Event-Driven;Docker;REST APIs;gRPC","VS Code;Docker;PostgreSQL;Redis;Postman","English;Samoan","AWS Certified Developer;PostgreSQL Associate",B.Sc. Software Engineering - University of Auckland,4.3,22,6.5,88,Full-Time,Async-First,Written,"API Architecture;Event-Driven Systems;Database Design",6 years building robust backend systems in New Zealand and Australia. Ex-Trade Me and Xero. Champion of clean code and DDD practices.
EMP043,Ingrid Haugen,UX Researcher,Design,Oslo,GMT+1,6,34,Available,"User Research;Usability Testing;Eye Tracking;Journey Mapping;Ethnography;Figma;Survey Design;Qualitative Analysis","Figma;UserTesting;Lookback;Dovetail;Optimal Workshop","English;Norwegian;Swedish;Danish","Nielsen Norman UX Certificate;UXQB Certified","B.A. Cognitive Science - University of Oslo;M.Sc. HCI - NTNU",4.5,23,9.0,88,Full-Time,Collaborative,Empathetic,"Mixed Methods Research;Behavioural Analysis;Insight Synthesis",6 years unlocking user insight. Ex-Opera Browser and Telenor. Research led to redesign increasing user retention by 35%.
EMP044,Dante Villanueva,AI Solutions Architect,Engineering,Mexico City,GMT-6,9,50,Busy,"Python;LLM Integration;System Design;MLOps;RAG;LangChain;FastAPI;AWS;GCP;Kubernetes","VS Code;AWS;GCP;LangChain;Terraform","English;Spanish","AWS Solutions Architect Professional;Google Cloud AI;MLOps Certified","B.Sc. Computer Science - UNAM;M.S. AI - Monterrey Tech",4.8,37,5.9,128,Full-Time,Async-First,Direct,"LLM Systems;Multi-Agent Architectures;Production AI",9 years in AI engineering across LatAm and US. Ex-Globant and Cinepolis Digital. Architected AI platform used by 15 enterprise clients.
EMP045,Mia Bergstrom,Data Scientist,Data,Copenhagen,GMT+1,4,40,Available,"Python;R;Statistics;Machine Learning;Time Series;NLP;Data Visualization;Bayesian Inference;Scikit-learn","Jupyter;Tableau;Streamlit;Stan;Hugging Face","English;Danish;Swedish","Google Data Analytics;Azure Data Scientist Associate","B.Sc. Mathematics - DTU;M.Sc. Data Science - University of Copenhagen",4.4,15,8.1,87,Full-Time,Async-First,Analytical,"Bayesian Modeling;Forecast Systems;A/B Testing",4 years in data science for retail and logistics. Ex-Maersk Data and LEGO Group. Time series model reduced supply chain costs by $3.2M.
EMP046,Chukwudi Eze,Cloud Architect,Infrastructure,Port Harcourt,GMT+1,8,55,Busy,"AWS;Azure;Kubernetes;Terraform;Cloud Security;Migration;Serverless;FinOps;CI/CD;IaC","AWS Console;Terraform;Azure DevOps;CloudFormation;Pulumi","English;Igbo","AWS Solutions Architect Professional;Azure Expert Architect;CKA","B.Sc. Electrical/Electronics - UNIPORT;M.Sc. Cloud Architecture - Liverpool John Moores",4.7,36,7.4,118,Full-Time,Structured,Technical,"Cloud Migration;Architecture Governance;Cost Engineering",8 years in cloud architecture. Ex-Chevron Nigeria IT and Access Bank. Migrated 200+ applications to cloud saving $8M annually.
EMP047,Sienna Walsh,Frontend Engineer,Engineering,Dublin,GMT+0,5,37,Available,"React;TypeScript;Next.js;Vue;CSS;Web Performance;Accessibility;Web Animations;GraphQL;Testing","VS Code;Storybook;Chromatic;Vercel;Cypress","English;Irish","Meta Certified React Developer;W3C Web Accessibility Specialist","B.Sc. Computer Science - UCD;Bootcamp Frontend - Codú",4.3,20,5.8,87,Full-Time,Async-First,Visual,"Component Architecture;Web Performance;Inclusive Design","5 years crafting fast, accessible web interfaces. Ex-Stripe Dublin and Intercom. Improved Core Web Vitals scores from 42 to 96."
EMP048,Aleksandr Morozov,NLP Engineer,AI/ML,Novosibirsk,GMT+7,6,61,Busy,"Python;NLP;Transformers;BERT;GPT;LLMs;Fine-tuning;RAG;Knowledge Graphs;SpaCy","VS Code;Hugging Face;LangChain;Neo4j;Qdrant","English;Russian","DeepLearning.AI NLP;Hugging Face NLP Certificate","B.Sc. Applied Mathematics - NSU;M.Sc. Computational Linguistics - HSE Moscow",4.7,25,6.6,106,Full-Time,Async-First,Analytical,"Knowledge Graph NLP;Multilingual Models;Question Answering",6 years in industrial NLP. Ex-Yandex NLP and Sber AI. Built a Russian-language QA system achieving 88% F1 on legal documents.
EMP049,Fatou Dieng,BI Analyst,Data,Abidjan,GMT+0,4,36,Available,"SQL;Power BI;Tableau;Excel;Data Modeling;DAX;ETL;Dashboard Design;KPI Design;Python","Power BI;Tableau;SQL Server;Excel;Looker","English;French;Wolof","Microsoft Power BI Data Analyst;Tableau Creator","B.Sc. Information Systems - Université FHB;M.Sc. Data Analytics - Grenoble INP",4.2,14,9.6,73,Full-Time,Structured,Visual,"Executive Reporting;Financial Dashboards;Data Storytelling",4 years building dashboards for West African finance and telco sectors. Ex-Orange CI and SGBCI. Dashboards used by 50+ executives daily.
EMP050,Brendan O'Sullivan,Site Reliability Engineer,Infrastructure,Cork,GMT+0,9,68,Busy,"SRE;Go;Python;Linux;Kubernetes;Prometheus;Grafana;Chaos Engineering;Incident Management;Observability","Grafana;Prometheus;PagerDuty;Chaos Toolkit;Datadog","English;Irish","Google SRE;CKA;LFCS Linux Foundation","B.Sc. Computer Science - UCC;M.Sc. Distributed Systems - Trinity College Dublin",4.8,38,5.7,122,Full-Time,Async-First,Direct,"Incident Response;SLO Engineering;Chaos Programs",9 years in reliability engineering. Ex-Eircom Tech and Workhuman. Built chaos engineering programme reducing customer-impacting incidents by 65%.
EMP051,Yemisi Adebayo,Product Analyst,Product,Ibadan,GMT+1,3,29,Available,"Requirements;SQL;Analytics;A/B Testing;User Research;Mixpanel;Looker;Figma;Competitive Analysis","Mixpanel;Looker;Jira;Notion;Amplitude","English;Yoruba","Certified Product Manager;Google Analytics 4","B.Sc. Statistics - University of Ibadan;Postgrad Product Management - Product School",4.0,11,10.5,71,Full-Time,Collaborative,Empathetic,"User Insight;Metric Design;Feature Prioritization",3 years connecting user needs to product decisions. Ex-Cowrywise and PiggyVest. Led product discovery that doubled user activation rate.
EMP052,Carlos Andrade,DevOps Engineer,Infrastructure,Lisbon,GMT+0,5,47,Available,"Docker;Kubernetes;CI/CD;GitLab CI;Helm;Terraform;AWS;Linux;Bash;Ansible","Kubernetes;GitLab CI;Terraform;Ansible;Grafana","English;Portuguese;Spanish","CKA;GitLab Certified Associate;AWS DevOps Professional",B.Sc. Computer Engineering - IST Lisbon,4.4,22,7.1,91,Full-Time,Structured,Technical,"Platform Automation;Container Orchestration;IaC Design",5 years in platform engineering. Ex-Outsystems and Farfetch. Automated 90% of deployment operations saving 15 engineering hours weekly.
EMP053,Nkechi Okonkwo,Automation Specialist,QA,Warri,GMT+1,5,43,Available,"Python;Selenium;Playwright;Postman;API Testing;BDD;Gherkin;CI/CD;JMeter;Load Testing","Selenium;Playwright;Postman;JMeter;Zephyr","English;Urhobo","ISTQB Foundation;API Testing Certified;Playwright Certified",B.Sc. Computer Science - DELSU,4.4,20,7.1,82,Full-Time,Structured,Precise,"BDD Frameworks;Load Testing;API Validation",5 years automating quality pipelines. Ex-Sterling Bank and eTranzact. Framework cut regression testing from 5hrs to 18 min.
EMP054,Joakim Eriksson,Machine Learning Engineer,AI/ML,Gothenburg,GMT+1,7,56,Busy,"Python;PyTorch;JAX;Reinforcement Learning;LLMs;Fine-tuning;RLHF;Distributed Training;MLOps","VS Code;PyTorch;JAX;Weights & Biases;Ray","English;Swedish;Norwegian","DeepLearning.AI Specialization;NVIDIA DLI Advanced","B.Sc. Electrical Engineering - Chalmers;Ph.D. ML - KTH (ABD)",4.8,29,6.4,120,Full-Time,Async-First,Direct,"RL Systems;LLM Fine-tuning;Distributed Training",7 years at the frontier of ML. Ex-Klarna AI and Volvo Cars AI. Published on RL for industrial automation in ICML 2023.
EMP055,Grace Achebe,Full Stack Developer,Engineering,Kaduna,GMT+1,3,39,Available,"React;Node.js;Python;Django;PostgreSQL;MongoDB;REST APIs;Docker;Tailwind CSS","VS Code;Docker;Heroku;MongoDB Atlas;Postman","English;Hausa;Igbo","freeCodeCamp Full Stack;Django REST Framework",B.Sc. Computer Science - Kaduna State University,3.9,14,7.6,68,Full-Time,Collaborative,Direct,"Rapid Prototyping;Full Stack Integration;API Development",3 years building web products in Northern Nigeria tech scene. Ex-Kuda and Lidya. Shipped 4 fintech features to 500K+ users.
EMP056,Maximilian Fischer,Cloud Architect,Infrastructure,Frankfurt,GMT+1,10,53,Busy,"AWS;GCP;Azure;Multi-Cloud;FinOps;Cloud Security;Kubernetes;Serverless;Architecture Review;IaC","AWS Console;GCP Console;Terraform;Crossplane;Pulumi","English;German","AWS Solutions Architect Professional;GCP Professional Architect;Azure Expert Architect","B.Sc. Computer Science - Goethe University;M.Sc. Distributed Systems - TU Darmstadt",4.9,45,6.8,140,Full-Time,Structured,Technical,"Enterprise Architecture;Multi-Cloud Governance;Cloud Economics",10 years leading cloud transformations. Ex-Deutsche Bank IT and SAP Cloud. Led 15 cloud migrations across German DAX companies.
EMP057,Ifeoma Ogbu,Data Engineer,Data,Onitsha,GMT+1,4,46,Available,"Python;SQL;Airflow;dbt;Redshift;Kafka;Data Quality;ETL;BigQuery","Airflow;dbt;Redshift;Kafka;Great Expectations","English;Igbo","AWS Data Analytics Specialty;dbt Analytics Engineer","B.Sc. Computer Science - FUTO;M.Sc. Data Engineering - Ulster University",4.3,15,8.7,78,Full-Time,Async-First,Analytical,"Data Quality;Pipeline Reliability;Warehouse Design",4 years building trusted data infrastructure. Ex-Interswitch Data and Paga. Implemented data quality framework detecting 98% of bad data upstream.
EMP058,Léa Fontaine,UX Designer,Design,Lyon,GMT+1,6,36,Available,"Figma;Adobe XD;Design Systems;Prototyping;User Testing;Accessibility;Design Tokens;Storybook","Figma;Zeplin;Storybook;Maze;Hotjar","English;French;Italian","Google UX Design Certificate;Figma Professional","B.A. Graphic Design - ENSBA Lyon;M.A. UX Design - HEAD Geneva",4.5,24,6.3,90,Full-Time,Collaborative,Visual,"Design System Architecture;Token Design;Handoff Excellence",6 years designing at the intersection of beauty and function. Ex-Dassault Systèmes and Seb Group. Design system adopted by 6 product teams.
EMP059,Chidi Nwachukwu,Cybersecurity Engineer,Security,Owerri,GMT+1,6,50,Available,"SOC;Threat Hunting;SIEM;Vulnerability Management;Python;Incident Response;Digital Forensics;Compliance","Splunk;QRadar;Nessus;Wireshark;Elastic SIEM","English;Igbo","CEH;CompTIA Security+;GCIH GIAC","B.Sc. Information Technology - IMO State University;M.Sc. Cybersecurity - Glasgow Caledonian",4.5,22,7.9,99,Full-Time,Structured,Precise,"Threat Hunting;SOC Operations;Digital Forensics",6 years defending enterprise perimeters. Ex-Access Bank SOC and NNPC IT Security. Led incident response containing a major ransomware attempt.
EMP060,Sandra Osei-Bonsu,Project Manager,Operations,Cape Coast,GMT+0,7,44,Available,"Agile;PMP;Stakeholder Management;Risk Management;Budgeting;Program Management;OKRs;Scrum","Jira;Confluence;Asana;Notion;Miro","English;Twi","PMP;PSM II;Managing Successful Programmes (MSP)","B.A. Public Administration - UCC;MBA - GIMPA",4.5,33,N/A,88,Full-Time,Collaborative,Diplomatic,"Programme Delivery;Governance Design;Escalation Management",7 years delivering complex programmes. Ex-Vodafone Ghana and Ghana Revenue Authority. Managed $4M programme portfolio with zero scope escalations.
EMP061,Ivan Kovalenko,Backend Developer,Engineering,Kharkiv,GMT+2,5,41,Available,"Python;FastAPI;Django;PostgreSQL;Redis;Celery;Microservices;REST APIs;GraphQL;Docker","VS Code;Docker;PostgreSQL;Redis;Postman","English;Ukrainian;Russian","AWS Certified Developer Associate;Python Institute PCEP",B.Sc. Applied Mathematics - Karazin University,4.3,19,6.8,85,Full-Time,Async-First,Written,"Async Systems;Task Queues;Database Optimization",5 years building high-availability backends. Ex-Uklon and Rozetka. Rebuilt checkout service reducing timeout errors from 3% to 0.02%.
EMP062,Blessing Udoh,NLP Engineer,AI/ML,Uyo,GMT+1,4,55,Available,"Python;NLP;Transformers;BERT;RAG;Embeddings;Prompt Engineering;LangChain;LLM Integration","VS Code;Hugging Face;LangChain;Pinecone;FastAPI","English;Ibibio","Hugging Face NLP Certificate;DeepLearning.AI NLP Specialization","B.Sc. Computer Science - University of Uyo;M.Sc. NLP - University of Salford",4.5,17,7.3,90,Full-Time,Async-First,Written,"RAG Systems;Prompt Engineering;Semantic Retrieval",4 years in production NLP. Ex-MainOne and Terragon. Built semantic search across 1M documents with 91% user relevance rating.
EMP063,Tobias Kramer,Frontend Engineer,Engineering,Cologne,GMT+1,6,40,Available,"React;TypeScript;Vue.js;Next.js;Performance Optimization;Web Accessibility;Testing;CSS;Webpack","VS Code;Chromatic;Storybook;Lighthouse;Jest","English;German","Meta Certified React Developer;W3C Accessibility Specialist",B.Sc. Media Informatics - University of Cologne,4.4,23,6.0,91,Full-Time,Async-First,Written,"Micro-Frontend Architecture;Bundle Optimization;Testing Pyramid",6 years building scalable front ends. Ex-REWE Digital and DHL eCommerce. Reduced bundle size by 60% through strategic code splitting.
EMP064,Ayo Babatunde,Data Scientist,Data,Abeokuta,GMT+1,5,47,Available,"Python;Machine Learning;Statistics;NLP;Time Series;Scikit-learn;TensorFlow;Data Visualization;SQL","Jupyter;Tableau;Streamlit;MLflow;Power BI","English;Yoruba","AWS Machine Learning Specialty;Coursera Data Science Specialization","B.Sc. Mathematics - University of Agriculture Abeokuta;M.Sc. Data Science - Sheffield Hallam",4.5,21,7.7,86,Full-Time,Collaborative,Analytical,"Predictive Modeling;Feature Engineering;Business Storytelling",5 years building ML solutions for banking and agriculture. Ex-Zenith Bank Data and IITA. Forecast model improved crop yield estimates by 22%.
EMP065,Nadia Okafor,DevOps Engineer,Infrastructure,Enugu,GMT+1,4,43,Available,"Docker;Kubernetes;CI/CD;Terraform;AWS;Linux;GitHub Actions;Helm;Monitoring;Python","Kubernetes;Terraform;GitHub Actions;Prometheus;Grafana","English;Igbo","CKA;AWS DevOps Professional",B.Sc. Computer Engineering - ESUT,4.2,16,7.5,83,Full-Time,Structured,Technical,"Container Orchestration;Pipeline Design;Cloud Infrastructure",4 years in DevOps. Ex-Konga and SystemSpecs. Automated CI/CD pipeline reducing deployment time from 40min to 4min.
EMP066,Mateus Costa,Machine Learning Engineer,AI/ML,Recife,GMT-3,6,58,Busy,"Python;PyTorch;Computer Vision;Object Detection;YOLO;OpenCV;Edge AI;TensorRT;Model Deployment","VS Code;PyTorch;OpenCV;TensorRT;MLflow","English;Portuguese;Spanish","NVIDIA Deep Learning Institute;TensorFlow Developer Certificate","B.Sc. Computer Engineering - UFPE;M.Sc. Computer Vision - UNICAMP",4.7,26,6.9,108,Full-Time,Async-First,Direct,"Object Detection;Edge Deployment;Real-Time Vision",6 years in computer vision. Ex-Totvs AI and Embraer Defence. Deployed vision system detecting manufacturing defects at 99.4% accuracy.
EMP067,Amina Touré,BI Analyst,Data,Bamako,GMT+0,3,32,Available,"SQL;Power BI;Tableau;Excel;Python;Data Modeling;KPI Design;Dashboard Design","Power BI;Tableau;SQL Server;Excel;Google Data Studio","English;French;Bambara","Microsoft Power BI Data Analyst;Google Data Analytics Certificate","B.Sc. Management Information Systems - USSGB;Postgrad BI - ISCAE",4.0,11,10.2,65,Full-Time,Structured,Visual,"Executive Dashboards;KPI Frameworks;Data Literacy",3 years building BI in West African development sector. Ex-World Bank Mali and Orange Money. Dashboards tracking $120M development programme.
EMP068,Patrick Kamau,Cloud Architect,Infrastructure,Nairobi,GMT+3,7,52,Busy,"AWS;GCP;Terraform;Kubernetes;Multi-Cloud;Cloud Security;FinOps;Serverless;Microservices","AWS Console;GCP Console;Terraform;Kubernetes;CloudWatch","English;Swahili;Kikuyu","AWS Solutions Architect Professional;GCP Professional Cloud Architect","B.Sc. Computer Science - University of Nairobi;M.Sc. Cloud Computing - JKUAT",4.6,31,7.2,110,Full-Time,Structured,Technical,"Cloud Architecture;Cost Governance;Security Design",7 years in East African cloud infrastructure. Ex-Safaricom and KCB Bank. Designed cloud platform for digital bank onboarding 1M customers.
EMP069,Sofia Andreou,DevSecOps Engineer,Security,Athens,GMT+2,5,47,Available,"DevSecOps;SAST;DAST;Python;GitHub Actions;Container Security;Vault;Compliance;Trivy;SonarQube","Snyk;Trivy;Vault;SonarQube;Checkov","English;Greek;Italian","AWS Security Specialty;CSSLP;Certified DevSecOps Professional","B.Sc. Computer Science - NTUA;M.Sc. Information Security - University of Piraeus",4.4,19,7.4,96,Full-Time,Structured,Precise,"Shift-Left Security;Compliance Automation;IaC Security",5 years securing CI/CD pipelines. Ex-Skroutz and National Bank of Greece IT. Introduced SAST/DAST reducing production vulnerabilities by 75%.
EMP070,Tunde Afolabi,Project Manager,Operations,Osun,GMT+1,8,46,Available,"Agile;PMP;Programme Management;Risk Management;Budget Management;Stakeholder Communication;OKRs;Scrum","Jira;Confluence;Notion;Asana;MS Project","English;Yoruba","PMP;PMI-ACP;MSP Practitioner","B.Sc. Business Administration - OAU;MBA - Lagos Business School",4.6,40,N/A,92,Full-Time,Collaborative,Diplomatic,"Programme Governance;Budget Control;Multi-Team Delivery",8 years managing complex tech programmes. Ex-Interswitch and Zenith Bank IT. Delivered $6M digital banking programme 2 weeks early.
EMP071,Vera Antonova,Data Engineer,Data,Sofia,GMT+2,5,49,Available,"Python;Spark;Kafka;Airflow;dbt;Snowflake;SQL;Data Modeling;ETL;Great Expectations","Airflow;Snowflake;dbt;Kafka;Databricks","English;Bulgarian;Russian","Databricks Spark Developer;Snowflake SnowPro Core","B.Sc. Computer Science - Sofia University;M.Sc. Big Data - TU Sofia",4.4,18,8.3,82,Full-Time,Async-First,Analytical,"Streaming Pipelines;Data Quality Framework;Warehouse Optimization",5 years building data infrastructure. Ex-Telerik and Chaos Group. Implemented streaming pipeline processing 500K events/min.
EMP072,David Alabi,Full Stack Developer,Engineering,Ile-Ife,GMT+1,4,44,Available,"React;Next.js;Node.js;TypeScript;PostgreSQL;Docker;GraphQL;REST APIs;Tailwind;Testing","VS Code;Docker;Vercel;PostgreSQL;Postman","English;Yoruba","Meta Frontend Developer Certificate;AWS Certified Developer",B.Sc. Computer and Information Sciences - OAU,4.2,17,7.3,74,Full-Time,Collaborative,Direct,"Full-Stack Architecture;Rapid Delivery;Testing Culture",4 years shipping products in Nigeria's tech ecosystem. Ex-Paystack and Mono. Features used by 300K+ active users.
EMP073,Okonkwo Felix,Automation Specialist,QA,Nnewi,GMT+1,6,45,Available,"Python;Selenium;Playwright;Robot Framework;API Testing;Performance Testing;JMeter;BDD;Gherkin","Selenium;Playwright;Robot Framework;JMeter;Postman","English;Igbo","ISTQB Advanced Technical Test Analyst;Robot Framework Certified",B.Sc. Electronic Engineering - Nnamdi Azikiwe University,4.5,24,6.8,84,Full-Time,Structured,Precise,"Robot Framework;Performance Profiling;Test Strategy",6 years automating quality. Ex-Anambra Broadcasting and Fidelity Bank IT. Test strategy reduced UAT defect leakage by 80%.
EMP074,Lyudmila Karpova,UX Researcher,Design,St Petersburg,GMT+3,5,35,Available,"User Research;Diary Studies;Eye Tracking;Card Sorting;Usability Testing;Figma;Quantitative UX","Figma;Lookback;UserZoom;Dovetail;SPSS","English;Russian;Polish","Nielsen Norman UX Research;UXQB CPUX-UR","B.A. Psychology - SPbGU;M.A. UX Design - British Higher School of Art and Design",4.3,18,9.8,79,Full-Time,Collaborative,Empathetic,"Diary Studies;Longitudinal Research;Mixed Methods",5 years conducting deep UX research. Ex-VKontakte and Lamoda. Longitudinal study findings informed product strategy saving $1.5M in dev rework.
EMP075,Abdulaziz Al-Rashidi,Backend Developer,Engineering,Riyadh,GMT+3,6,42,Available,"Python;FastAPI;Django;PostgreSQL;Redis;Celery;REST APIs;Microservices;Docker;AWS Lambda","VS Code;Docker;AWS;PostgreSQL;Postman","English;Arabic","AWS Certified Developer;PSM I",B.Sc. Computer Science - King Saud University,4.3,20,6.9,88,Full-Time,Structured,Technical,"Backend Services;Serverless Architecture;API Optimization",6 years building cloud-native backends. Ex-Saudi Telecom IT and Foodics. Rebuilt API layer reducing average response time from 900ms to 85ms.
EMP076,Ngozi Ihejirika,NLP Engineer,AI/ML,Aba,GMT+1,5,58,Available,"Python;NLP;Transformers;RAG;LangChain;LLMs;Embeddings;Semantic Search;Fine-tuning","VS Code;Hugging Face;LangChain;ChromaDB;FastAPI","English;Igbo","Hugging Face NLP;DeepLearning.AI NLP Specialization","B.Sc. Linguistics - University of Ibadan;M.Sc. Computational Linguistics - University of Leeds",4.6,20,7.1,95,Full-Time,Async-First,Written,"Low-Resource NLP;Document Intelligence;Semantic Systems",5 years in NLP for African language contexts. Ex-Terragon and MainOne. Built first Igbo-English neural translation system.
EMP077,Gustavo Morales,DevOps Engineer,Infrastructure,Bogotá,GMT-5,5,48,Available,"Docker;Kubernetes;CI/CD;Terraform;AWS;GCP;Linux;Python;Ansible;GitLab CI","Kubernetes;Terraform;GitLab CI;Ansible;Grafana","English;Spanish","CKA;GCP Associate Cloud Engineer",B.Sc. Systems Engineering - Universidad de los Andes,4.3,20,7.4,87,Full-Time,Structured,Technical,"Infrastructure Automation;Multi-Cloud Ops;Cost Management",5 years in DevOps in Colombian and US companies. Ex-Rappi and Bancolombia. Reduced cloud costs by $300K through autoscaling.
EMP078,Ayesha Mirza,Data Scientist,Data,Lahore,GMT+5,4,41,Available,"Python;R;Statistics;Machine Learning;NLP;Time Series;Power BI;SQL;Scikit-learn","Jupyter;Power BI;MLflow;Streamlit;SQL Server","English;Urdu;Punjabi","Microsoft Azure Data Scientist;Coursera ML Specialization","B.Sc. Statistics - University of Punjab;M.Sc. Data Science - LUMS",4.4,15,8.0,80,Full-Time,Async-First,Analytical,"Statistical Modeling;Forecasting;Data Reporting",4 years in data science for banking and e-commerce. Ex-HBL Analytics and Foodpanda PK. Pricing model increased GMV by $1.8M.
EMP079,Femi Adeleke,Machine Learning Engineer,AI/ML,Ogbomosho,GMT+1,6,55,Busy,"Python;TensorFlow;PyTorch;NLP;Recommendation Systems;Collaborative Filtering;MLflow;Feature Engineering","Jupyter;MLflow;TensorFlow Serving;Redis;GCP","English;Yoruba","TensorFlow Developer;AWS Machine Learning Specialty","B.Sc. Computer Science - LAUTECH;M.Sc. Machine Learning - University of Southampton",4.6,23,7.0,98,Full-Time,Async-First,Direct,"Recommendation Engines;Ranking Systems;MLOps",6 years building recommender systems. Ex-Bolt Food and Cowrywise. Recommendation engine drove 28% uplift in platform engagement.
EMP080,Olga Blum,Project Manager,Operations,Tel Aviv,GMT+2,7,40,Available,"Agile;Scrum;Risk Management;Roadmapping;OKRs;Stakeholder Communication;PMP;Budget Tracking","Jira;Notion;Miro;Confluence;Asana","English;Hebrew;Russian","PMP;PSM I;Agile Certified Practitioner","B.Sc. Industrial Engineering - Technion;MBA - Tel Aviv University",4.5,30,N/A,93,Full-Time,Collaborative,Diplomatic,"Agile Transformation;Risk Planning;Programme Delivery",7 years delivering fintech and cybersecurity projects. Ex-Check Point and Fiverr. 93% on-time delivery across 30 projects.
EMP081,Chinedu Okafor,Cloud Architect,Infrastructure,Enugu,GMT+1,7,51,Busy,"AWS;Kubernetes;Terraform;Cloud Migration;Serverless;IaC;Security;FinOps;Multi-AZ Architecture","AWS Console;Terraform;Kubernetes;CloudFormation;Cost Explorer","English;Igbo","AWS Solutions Architect Professional;CKA","B.Sc. Computer Science - UNN;M.Sc. Cloud Engineering - Coventry University",4.6,28,7.6,112,Full-Time,Structured,Technical,"Migration Architecture;Cost Engineering;High Availability",7 years in cloud. Ex-Ecobank IT and Diamond Bank. Migrated core banking to AWS with zero downtime and $4M savings.
EMP082,Brigitte Koné,Content Strategist,Marketing,Abidjan,GMT+0,4,31,Available,"Content Strategy;SEO;Technical Writing;Copywriting;Localisation;HubSpot;CMS;Social Media","HubSpot;WordPress;Semrush;Canva;Buffer","English;French;Dioula","HubSpot Content Marketing;Google Digital Marketing","B.A. Communication - Université FHB;Postgrad Digital Marketing - ISCOM Paris",3.9,12,11.5,66,Full-Time,Async-First,Creative,"Francophone SEO;Content Localisation;Brand Storytelling",4 years producing content for West African audiences. Ex-Jumia CI and Orange Ivory Coast. Grew blog to 250K monthly French-speaking readers.
EMP083,Damilola Akinola,Frontend Engineer,Engineering,Ibadan,GMT+1,4,39,Available,"React;TypeScript;Next.js;CSS;Web Performance;Accessibility;Storybook;Testing;Figma","VS Code;Storybook;Vercel;Lighthouse;Jest","English;Yoruba","Meta Certified React Developer;Google UX Design Certificate",B.Sc. Computer Science - University of Ibadan,4.2,16,6.3,75,Full-Time,Async-First,Visual,"Component Libraries;Accessibility;Performance Budgets",4 years building modern frontends. Ex-Buypower and Mono. Accessibility audit work brought WCAG compliance to full product suite.
EMP084,Lorenzo Conti,Backend Developer,Engineering,Turin,GMT+1,7,44,Available,"Java;Spring Boot;Kotlin;PostgreSQL;Kafka;Microservices;Docker;REST APIs;gRPC;Redis","IntelliJ IDEA;Docker;PostgreSQL;Postman;Kafka","English;Italian;French","Oracle Java SE Certified;Spring Professional","B.Sc. Computer Engineering - Politecnico di Torino;M.Sc. Software Engineering - UniTO",4.5,28,6.4,97,Full-Time,Structured,Technical,"Java Microservices;Event-Driven Architecture;High Throughput APIs",7 years building enterprise Java systems. Ex-FIAT Chrysler IT and UniCredit. Rebuilt trading API handling 500K orders/day.
EMP085,Amira Hassan,UX Designer,Design,Tunis,GMT+1,5,34,Available,"Figma;Adobe XD;Prototyping;Design Systems;User Testing;Mobile UX;Web Accessibility;Illustration","Figma;Maze;Principle;Zeroheight;Storybook","English;Arabic;French","Google UX Design Certificate;Figma Professional;Adobe Certified","B.A. Graphic Design - ISET Tunis;M.A. UX Design - ESAG Paris",4.4,19,6.7,82,Full-Time,Collaborative,Visual,"Mobile-First Design;Accessible UI;Design Handoff",5 years designing for MENA markets. Ex-Tunisie Telecom Digital and Satoripop. Design work serving 3M Arabic-speaking users.
EMP086,Chukwuemeka Eze,Data Engineer,Data,Onitsha,GMT+1,5,50,Available,"Python;SQL;dbt;Airflow;BigQuery;Redshift;Kafka;Data Quality;ETL;Spark","Airflow;dbt;BigQuery;Kafka;Metabase","English;Igbo","GCP Professional Data Engineer;dbt Analytics Engineer","B.Sc. Information Technology - NAU;M.Sc. Data Science - Northumbria University",4.3,17,8.6,80,Full-Time,Async-First,Analytical,"Pipeline Reliability;Data Contracts;Warehouse Design",5 years in data engineering for Nigerian fintech. Ex-Remita and Team Apt. Implemented data contracts eliminating 95% of schema breaks.
EMP087,Helena Bergman,Machine Learning Engineer,AI/ML,Uppsala,GMT+1,6,54,Busy,"Python;PyTorch;Scikit-learn;NLP;Text Classification;Transformers;MLOps;Model Serving;Docker","VS Code;MLflow;Hugging Face;TorchServe;GCP","English;Swedish","KTH ML Certificate;DeepLearning.AI Specialization","B.Sc. Engineering Physics - Uppsala University;M.Sc. ML - KTH",4.7,24,6.7,116,Full-Time,Async-First,Written,"Text Classification;Model Serving;Experiment Design",6 years in industrial ML. Ex-Klarna ML and IKEA Data Science. Text classifier processing 2M customer queries daily.
EMP088,Olumide Badmus,Site Reliability Engineer,Infrastructure,Ilorin,GMT+1,6,63,Busy,"SRE;Python;Go;Kubernetes;Prometheus;Grafana;Incident Management;Chaos Engineering;Linux","Grafana;Prometheus;PagerDuty;Datadog;Kubernetes","English;Yoruba","Google SRE Certificate;CKA;AWS DevOps Professional",B.Sc. Computer Science - UNILORIN,4.6,27,6.3,104,Full-Time,Async-First,Technical,"On-Call Design;Runbook Automation;SLO Framework",6 years in reliability. Ex-Flutterwave SRE and Paystack. SLO framework adopted across 25 microservices achieving 99.95% uptime.
EMP089,Ximena Torres,Product Analyst,Product,Lima,GMT-5,3,30,Available,"Requirements;Product Analytics;SQL;A/B Testing;Roadmapping;User Research;Mixpanel;Looker","Mixpanel;Looker;Jira;Notion;Miro","English;Spanish","Certified Product Manager;Google Data Analytics Certificate","B.A. Economics - PUCP;Postgrad Product Management - Product School LatAm",4.0,10,10.8,72,Full-Time,Collaborative,Empathetic,"Discovery Research;Metric Design;User Storytelling",3 years in product analytics for LatAm fintechs. Ex-Yape and Culqi. Discovery research led to feature adoption rate of 68% in first quarter.
EMP090,Mohammad Al-Farsi,Cybersecurity Engineer,Security,Muscat,GMT+4,7,48,Available,"Penetration Testing;Vulnerability Management;SIEM;Network Security;Python;Threat Intelligence;Blue Team;GRC","Kali Linux;Splunk;Nessus;Burp Suite;Wireshark","English;Arabic","OSCP;CISSP;CEH","B.Sc. Information Security - Sultan Qaboos University;M.Sc. Cybersecurity - University of Strathclyde",4.6,26,7.8,108,Full-Time,Structured,Precise,"GRC Frameworks;Network Forensics;Red/Blue Team Ops",7 years in cybersecurity for Gulf region enterprises. Ex-Bank Muscat IT Security and Oman CERT. Led national-level cybersecurity exercise.
EMP091,Adaora Nwosu,BI Analyst,Data,Awka,GMT+1,4,37,Available,"SQL;Power BI;Tableau;Python;DAX;Data Modeling;ETL;KPI Design;Financial Reporting","Power BI;Tableau;SQL Server;Excel;Looker","English;Igbo","Microsoft Power BI Data Analyst;Tableau Desktop Specialist","B.Sc. Statistics - Nnamdi Azikiwe University;M.Sc. Business Intelligence - University of Chester",4.3,14,9.4,75,Full-Time,Structured,Visual,"Financial KPIs;Operational Dashboards;Self-Serve BI",4 years in BI for Nigerian banking sector. Ex-Union Bank and Stanbic IBTC. Self-serve BI portal used by 150+ business users daily.
EMP092,Alinta Watson,Cloud Architect,Infrastructure,Perth,GMT+8,8,54,Busy,"AWS;Azure;Terraform;Cloud Security;Microservices;Serverless;FinOps;DevOps;Architecture Governance","AWS Console;Terraform;Azure DevOps;Cost Explorer;Pulumi",English,"AWS Solutions Architect Professional;Azure Expert Architect","B.Sc. Computer Science - University of Western Australia;M.Sc. Cloud Computing - UQ",4.7,34,7.1,130,Full-Time,Structured,Technical,"Cloud Governance;Architecture Patterns;Cost Architecture",8 years leading cloud strategy in Australian financial services. Ex-ANZ Bank and Telstra. Cloud governance framework adopted across 10 departments.
EMP093,Yerlan Abenov,Data Scientist,Data,Almaty,GMT+6,5,43,Available,"Python;R;Machine Learning;Time Series;Statistics;NLP;Scikit-learn;TensorFlow;SQL;Tableau","Jupyter;Tableau;MLflow;Streamlit;Power BI","English;Kazakh;Russian","Coursera ML Specialization;Azure Data Scientist Associate","B.Sc. Applied Mathematics - Kazakh-British Technical University;M.Sc. Data Science - HSE Moscow",4.4,18,7.9,83,Full-Time,Async-First,Analytical,"Financial Forecasting;Statistical Inference;ML Prototyping",5 years in data science for Central Asian banking and telco. Ex-Kaspi.kz and Kcell. Churn model reduced subscriber loss by 19% quarterly.
EMP094,Oluwatobi Adedeji,DevOps Engineer,Infrastructure,Akure,GMT+1,4,44,Available,"Docker;Kubernetes;Terraform;AWS;CI/CD;GitHub Actions;Linux;Helm;Monitoring;Python","Kubernetes;Terraform;GitHub Actions;Grafana;Prometheus","English;Yoruba","CKA;AWS Cloud Practitioner",B.Sc. Computer Science - FUTA,4.1,15,7.8,79,Full-Time,Structured,Technical,"Container Deployment;Infrastructure Automation;Cloud Networking",4 years in cloud and DevOps. Ex-Hotels.ng and Softcom. Containerized monolith into 12 microservices cutting compute costs by 35%.
EMP095,Camille Leroy,UX Researcher,Design,Bordeaux,GMT+1,4,32,Available,"User Research;Usability Testing;Figma;Surveys;Interviews;Journey Mapping;Wireframing;Analytics","Figma;Dovetail;UserTesting;Hotjar;Miro","English;French;Spanish","Nielsen Norman UX Foundation;UXQB CPUX-F","B.A. Cognitive Science - Bordeaux University;M.A. UX Research - Strate Design",4.2,14,10.0,77,Full-Time,Collaborative,Empathetic,"Interview Design;Insight Reporting;Persona Development",4 years in UX research for French digital products. Ex-Cdiscount and Harmonie Mutuelle. Research findings reduced onboarding drop-off by 40%.
EMP096,Babatunde Olawale,Backend Developer,Engineering,Ondo,GMT+1,5,43,Available,"Python;Node.js;PostgreSQL;Redis;FastAPI;Django;Microservices;Docker;REST APIs;SQL","VS Code;Docker;PostgreSQL;Redis;Postman","English;Yoruba","AWS Certified Developer;PSM I",B.Sc. Computer Science - Adeyemi Federal University,4.3,19,7.0,77,Full-Time,Async-First,Written,"RESTful APIs;Database Tuning;Microservice Decomposition",5 years in backend engineering. Ex-Flutterwave API team and Carbon. API gateway overhaul handling 2M requests/day with zero downtime.
EMP097,Sven Rolfsen,Machine Learning Engineer,AI/ML,Bergen,GMT+1,7,57,Busy,"Python;PyTorch;TensorFlow;Computer Vision;Medical Imaging;Segmentation;MLOps;ONNX;Docker","VS Code;PyTorch;MONAI;MLflow;Docker","English;Norwegian","TensorFlow Developer Certificate;NVIDIA DLI Medical Imaging","B.Sc. Biomedical Engineering - NTNU;M.Sc. ML in Medicine - UiO",4.8,28,6.6,122,Full-Time,Async-First,Direct,"Medical Image Segmentation;Clinical AI;Model Validation",7 years in medical AI. Ex-Sectra and Oslo University Hospital AI. Segmentation model FDA-submitted for commercial clearance.
EMP098,Taiwo Ojo,Full Stack Developer,Engineering,Ado-Ekiti,GMT+1,3,40,Available,"React;Node.js;Python;PostgreSQL;MongoDB;REST APIs;Docker;Tailwind CSS;TypeScript","VS Code;Docker;Heroku;MongoDB Atlas;GitHub","English;Yoruba","freeCodeCamp Responsive Web Design;Meta Frontend Certificate",B.Sc. Computer Science - Ekiti State University,3.9,13,7.8,65,Full-Time,Collaborative,Direct,"Full-Stack Integration;MVP Development;UI Implementation",3 years building web products in Southwest Nigeria. Ex-CredPal and Bankly. Delivered payment UI processing ₦500M+ monthly volume.
EMP099,Zainab Aliyu,NLP Engineer,AI/ML,Kano,GMT+1,4,52,Available,"Python;NLP;Transformers;Hausa NLP;Low-Resource Languages;RAG;Embeddings;LangChain;Fine-tuning","VS Code;Hugging Face;LangChain;Qdrant;FastAPI","English;Hausa;Fulfulde","Hugging Face NLP Certificate;AI4D Africa Fellowship","B.Sc. Computer Science - Bayero University;M.Sc. NLP - Edinburgh University",4.6,16,7.5,92,Full-Time,Async-First,Written,"Low-Resource NLP;Hausa Language AI;RAG Systems",4 years pioneering NLP for Hausa and Fulfulde languages. Ex-GIZ AI4D and Arewa Tech. Built first Hausa chatbot deployed by Nigerian government.
EMP100,Edoardo Marini,Site Reliability Engineer,Infrastructure,Bologna,GMT+1,6,59,Busy,"SRE;Go;Python;Kubernetes;Prometheus;Grafana;Incident Management;Observability;Linux;Chaos Engineering","Grafana;Prometheus;PagerDuty;Loki;Tempo","English;Italian","CKA;Google SRE Fundamentals;LFCS","B.Sc. Computer Engineering - UniBo;M.Sc. Distributed Systems - Politecnico di Milano",4.7,31,6.1,116,Full-Time,Async-First,Direct,"Full Stack Observability;Incident Culture;SLO Ownership",6 years in reliability engineering. Ex-Yoox Net-A-Porter and Zeta Global. Implemented distributed tracing reducing MTTR from 45min to 8min.
